{
    "formatVersion": 1,
    "sound": "sh1.mp3",
    "foldername": "@official/tutorial",
    "icon": {
        "img": "thumb.png",
        "txt": ""
    },
    "bpm": 65,
    "offset": 0,
    "metadata": {
        "title": "Tutorial",
        "artist": "NachoBIT",
        "author": "#Guigui",
        "description": "Welcome to Shellrhythm!"
    },
    "approachRate": 1,
    "difficulty": 1,
    "notes": [
        {
            "type": "text",
            "beatpos": [
                0.0,
                2.0
            ],
            "length": 5.0,
            "text": "Welcome to shellrhythm.",
            "anchor": 0,
            "align": 1,
            "offset": [
                0,
                -2
            ]
        },
        {
            "type": "text",
            "beatpos": [
                1.0,
                0.0
            ],
            "length": 3.0,
            "text": "Let's learn the bases.",
            "anchor": 0,
            "align": 1,
            "offset": [
                1,
                1
            ]
        },
        {
            "type": "text",
            "beatpos": [
                2.0,
                0.0
            ],
            "length": 7.0,
            "text": "The controls are very simple:",
            "anchor": 0,
            "align": 1,
            "offset": [
                0,
                -2
            ]
        },
        {
            "type": "text",
            "beatpos": [
                3.0,
                0.0
            ],
            "length": 3.0,
            "text": "Tap the key shown on screen when the ring around it finishes drawing.",
            "anchor": 0,
            "align": 1,
            "offset": [
                0,
                2
            ]
        },
        {
            "type": "text",
            "beatpos": [
                4.0,
                0.0
            ],
            "length": 5.0,
            "text": "Simple enough, right?",
            "anchor": 0,
            "align": 1,
            "offset": [
                -1,
                0
            ]
        },
        {
            "type": "text",
            "beatpos": [
                5.0,
                0.0
            ],
            "length": 4.0,
            "text": "Let's see that.",
            "anchor": 0,
            "align": 1,
            "offset": [
                -1,
                5
            ]
        },
        {
            "type": "hit_object",
            "key": 13,
            "color": 0,
            "beatpos": [
                6.0,
                0.0
            ],
            "screenpos": [
                0.5,
                0.5
            ]
        },
        {
            "type": "hit_object",
            "key": 4,
            "color": 0,
            "beatpos": [
                7.0,
                0.0
            ],
            "screenpos": [
                0.4,
                0.3
            ]
        },
        {
            "type": "hit_object",
            "key": 6,
            "color": 0,
            "beatpos": [
                8.0,
                0.0
            ],
            "screenpos": [
                0.55,
                0.25
            ]
        },
        {
            "type": "hit_object",
            "key": 17,
            "color": 0,
            "beatpos": [
                9.0,
                0.0
            ],
            "screenpos": [
                0.6,
                0.4
            ]
        },
        {
            "type": "hit_object",
            "key": 29,
            "color": 0,
            "beatpos": [
                9.0,
                2.0
            ],
            "screenpos": [
                0.65,
                0.45
            ]
        },
        {
            "type": "hit_object",
            "key": 27,
            "color": 0,
            "beatpos": [
                10.0,
                0.0
            ],
            "screenpos": [
                0.7,
                0.65
            ]
        },
        {
            "type": "hit_object",
            "key": 26,
            "color": 0,
            "beatpos": [
                11.0,
                0.0
            ],
            "screenpos": [
                0.65,
                0.6
            ]
        },
        {
            "type": "hit_object",
            "key": 7,
            "color": 0,
            "beatpos": [
                12.0,
                0.0
            ],
            "screenpos": [
                0.6,
                0.25
            ]
        },
        {
            "type": "hit_object",
            "key": 15,
            "color": 0,
            "beatpos": [
                13.0,
                0.0
            ],
            "screenpos": [
                0.45,
                0.3
            ]
        },
        {
            "type": "hit_object",
            "key": 24,
            "color": 0,
            "beatpos": [
                13.0,
                2.0
            ],
            "screenpos": [
                0.4,
                0.6
            ]
        },
        {
            "type": "hit_object",
            "key": 23,
            "color": 0,
            "beatpos": [
                13.0,
                3.0
            ],
            "screenpos": [
                0.35,
                0.75
            ]
        },
        {
            "type": "hit_object",
            "key": 21,
            "color": 0,
            "beatpos": [
                14.0,
                0.0
            ],
            "screenpos": [
                0.25,
                0.85
            ]
        },
        {
            "type": "hit_object",
            "key": 3,
            "color": 0,
            "beatpos": [
                14.0,
                3.0
            ],
            "screenpos": [
                0.3,
                0.5
            ]
        },
        {
            "type": "hit_object",
            "key": 14,
            "color": 0,
            "beatpos": [
                15.0,
                0.0
            ],
            "screenpos": [
                0.35,
                0.6
            ]
        },
        {
            "type": "hit_object",
            "key": 5,
            "color": 0,
            "beatpos": [
                15.0,
                3.0
            ],
            "screenpos": [
                0.6,
                0.55
            ]
        },
        {
            "type": "hit_object",
            "key": 6,
            "color": 0,
            "beatpos": [
                16.0,
                0.0
            ],
            "screenpos": [
                0.55,
                0.4
            ]
        },
        {
            "type": "hit_object",
            "key": 24,
            "color": 0,
            "beatpos": [
                17.0,
                0.0
            ],
            "screenpos": [
                0.5,
                0.65
            ]
        },
        {
            "type": "hit_object",
            "key": 16,
            "color": 0,
            "beatpos": [
                18.0,
                0.0
            ],
            "screenpos": [
                0.35,
                0.45
            ]
        },
        {
            "type": "hit_object",
            "key": 2,
            "color": 0,
            "beatpos": [
                18.0,
                3.0
            ],
            "screenpos": [
                0.3,
                0.35
            ]
        },
        {
            "type": "hit_object",
            "key": 12,
            "color": 0,
            "beatpos": [
                19.0,
                0.0
            ],
            "screenpos": [
                0.25,
                0.5
            ]
        },
        {
            "type": "hit_object",
            "key": 13,
            "color": 0,
            "beatpos": [
                19.0,
                3.0
            ],
            "screenpos": [
                0.35,
                0.4
            ]
        },
        {
            "type": "hit_object",
            "key": 20,
            "color": 0,
            "beatpos": [
                20.0,
                0.0
            ],
            "screenpos": [
                0.25,
                0.15
            ]
        },
        {
            "type": "hit_object",
            "key": 24,
            "color": 0,
            "beatpos": [
                21.0,
                0.0
            ],
            "screenpos": [
                0.35,
                0.7
            ]
        },
        {
            "type": "hit_object",
            "key": 27,
            "color": 0,
            "beatpos": [
                21.0,
                2.0
            ],
            "screenpos": [
                0.4,
                0.8
            ]
        },
        {
            "type": "hit_object",
            "key": 19,
            "color": 0,
            "beatpos": [
                21.0,
                3.0
            ],
            "screenpos": [
                0.55,
                0.85
            ]
        },
        {
            "type": "hit_object",
            "key": 15,
            "color": 0,
            "beatpos": [
                22.0,
                0.0
            ],
            "screenpos": [
                0.5,
                0.5
            ]
        },
        {
            "type": "text",
            "beatpos": [
                22.0,
                1.0
            ],
            "length": 3.0,
            "text": "Seems like you now know how to play.",
            "anchor": 0,
            "align": 1,
            "offset": [
                1,
                -1
            ]
        },
        {
            "type": "text",
            "beatpos": [
                22.0,
                3.0
            ],
            "length": 1,
            "text": "Good luck out there.",
            "anchor": 0,
            "align": 1,
            "offset": [
                1,
                2
            ]
        },
        {
            "type": "text",
            "beatpos": [
                24.0,
                0.0
            ],
            "length": 4.0,
            "text": "> shellrhythm",
            "anchor": 0,
            "align": 1,
            "offset": [
                0,
                -1
            ]
        },
        {
            "type": "text",
            "beatpos": [
                24.0,
                2.0
            ],
            "length": 2.0,
            "text": "a sense of rhythm from within the command line",
            "anchor": 0,
            "align": 1,
            "offset": [
                -1,
                1
            ]
        },
        {
            "type": "end",
            "beatpos": [
                25.0,
                0.0
            ]
        }
    ],
    "bpmChanges": [],
    "palette": [
        "fc220a",
        "fc9b0a",
        "f4fc0a",
        "efc0a",
        "afcfc",
        "a36fc",
        "830afc",
        "ab7fc",
        "fc0ab3",
        "72737c"
    ]
}